{
  "chicken breast": {
    "food": null,
    "_ts": 1773431252.5339139
  },
  "white rice cooked": {
    "food": null,
    "_ts": 1773431254.2574043
  },
  "egg fried": {
    "food": null,
    "_ts": 1773431254.9817295
  },
  "com tam": {
    "food": null,
    "_ts": 1773431255.7344892
  }
}