{
  "chicken breast": {
    "food": null,
    "_ts": 1773429354.16425
  },
  "white rice cooked": {
    "food": null,
    "_ts": 1773429354.8158538
  },
  "egg fried": {
    "food": null,
    "_ts": 1773429355.536809
  },
  "com tam": {
    "food": null,
    "_ts": 1773429356.2570431
  }
}