{
  "chocolate": {
    "food": null,
    "_ts": 1773429442.46422
  },
  "chicken breast": {
    "food": null,
    "_ts": 1773429452.485499
  }
}